{
  "average_frame_build_time_millis": 27.28655769230769,
  "90th_percentile_frame_build_time_millis": 42.164,
  "99th_percentile_frame_build_time_millis": 73.351,
  "worst_frame_build_time_millis": 177.387,
  "missed_frame_build_budget_count": 45,
  "average_frame_rasterizer_time_millis": 4.976679245283018,
  "90th_percentile_frame_rasterizer_time_millis": 8.774,
  "99th_percentile_frame_rasterizer_time_millis": 15.851,
  "worst_frame_rasterizer_time_millis": 21.413,
  "missed_frame_rasterizer_budget_count": 1,
  "frame_count": 52,
  "frame_build_times": [
    43358,
    21625,
    17916,
    20128,
    19828,
    18216,
    177387,
    38659,
    25620,
    21676,
    22887,
    11203,
    41614,
    35961,
    20448,
    19107,
    20119,
    18196,
    30371,
    28224,
    13138,
    22530,
    19173,
    15379,
    42164,
    32264,
    20709,
    23572,
    20274,
    20852,
    18996,
    33690,
    14551,
    19048,
    18198,
    17890,
    31094,
    31680,
    21369,
    9632,
    19092,
    17166,
    44925,
    20484,
    16333,
    17118,
    18039,
    17274,
    15659,
    50917,
    73351,
    9797
  ],
  "frame_rasterizer_times": [
    21413,
    13410,
    6568,
    6418,
    2848,
    2803,
    2677,
    8336,
    5382,
    2555,
    2688,
    2511,
    2810,
    6069,
    4106,
    3084,
    3165,
    2912,
    2586,
    7231,
    8159,
    3201,
    3024,
    3339,
    2772,
    11040,
    4404,
    2716,
    3670,
    4203,
    1888,
    4686,
    4653,
    2845,
    3319,
    3770,
    5540,
    8774,
    5919,
    2797,
    2938,
    2947,
    3279,
    15851,
    3697,
    2837,
    2812,
    2593,
    3286,
    10068,
    7079,
    4496,
    1590
  ]
}