{
  "average_frame_build_time_millis": 6.4487931034482795,
  "90th_percentile_frame_build_time_millis": 9.807,
  "99th_percentile_frame_build_time_millis": 11.707,
  "worst_frame_build_time_millis": 21.673,
  "missed_frame_build_budget_count": 1,
  "average_frame_rasterizer_time_millis": 1.4833508771929822,
  "90th_percentile_frame_rasterizer_time_millis": 1.768,
  "99th_percentile_frame_rasterizer_time_millis": 2.047,
  "worst_frame_rasterizer_time_millis": 2.245,
  "missed_frame_rasterizer_budget_count": 0,
  "frame_count": 58,
  "frame_build_times": [
    9763,
    4754,
    21673,
    9864,
    9872,
    7000,
    9517,
    10450,
    4286,
    7736,
    7665,
    10959,
    11707,
    8243,
    9807,
    3718,
    4662,
    7790,
    7178,
    6919,
    6857,
    6557,
    2662,
    6490,
    7489,
    6487,
    7127,
    5766,
    7270,
    3342,
    5718,
    6041,
    5401,
    6556,
    6040,
    6435,
    1698,
    6340,
    3584,
    5935,
    5855,
    4841,
    4987,
    1704,
    4438,
    4725,
    4946,
    4579,
    3566,
    4728,
    1494,
    2910,
    9164,
    9281,
    5675,
    5149,
    4321,
    4309
  ],
  "frame_rasterizer_times": [
    1738,
    1348,
    1250,
    1634,
    1411,
    1429,
    1235,
    1569,
    1477,
    1267,
    2047,
    1935,
    1698,
    2245,
    1525,
    1359,
    1263,
    1340,
    1733,
    1371,
    1341,
    1315,
    1275,
    1863,
    1296,
    1301,
    1449,
    1748,
    1428,
    1377,
    1815,
    1335,
    1356,
    1579,
    1405,
    1160,
    1539,
    1266,
    1849,
    1347,
    1360,
    1302,
    1441,
    1297,
    1242,
    1747,
    1757,
    1344,
    1613,
    1356,
    1434,
    1427,
    1634,
    1301,
    1253,
    1357,
    1768
  ]
}